class,scene_id,split
36,0001768a,train
36,140156c3,train
36,0c00bd1a,train
36,4100d37d,train
36,1501616a,train
36,00000701,train
36,07001ccd,train
36,0100764a,train
36,29014715,train
36,4101151c,train
36,090152a9,train
36,15004631,train
36,41005000,train
36,0000be3e,train
36,07011bd4,train
36,29000122,train
36,0000799b,train
36,41005004,train
36,0a00c7a1,train
36,41007372,train
36,41013099,train
36,0401450b,train
36,12011917,train
36,4100f98b,train
36,0a001ca3,train
36,00000815,train
36,0500335e,train
36,41006f6d,train
36,0000e14b,train
36,41004055,train
36,41000555,train
36,1100673b,train
36,41007c3c,train
36,0d00010a,train
36,4100172f,train
36,41003a2d,train
36,02008cc4,train
36,0f008e96,train
36,410094d2,train
36,10002163,train
36,0f00b606,train
36,12005292,train
36,4100adb5,train
36,410047ef,train
36,040089f6,train
36,00008720,train
36,0d00eae7,train
36,41011727,train
36,15016438,train
36,11015a31,train
36,410035bf,train
36,4100d70d,train
36,41012612,train
36,4100c10b,train
36,060132ab,train
36,29000d0c,train
36,4100f462,train
36,0000c1b2,train
36,00002aaa,train
36,1200bf3d,train
36,410052ac,train
36,15011ccc,train
36,29000533,train
36,2901571f,train
36,410104e6,train
36,41009252,train
36,000147cd,train
36,0e00f255,train
36,41001414,train
36,0c0081ea,train
36,2900a327,train
36,4100b32c,train
36,0e002a51,train
36,410065e0,train
36,050030cf,train
36,12009fbb,train
36,4100ec48,train
36,41009b30,train
36,4100256d,train
36,100139b3,train
36,090094d6,train
36,0100ed2e,train
36,100144bd,train
36,0a0030d2,train
36,01005871,train
36,2901702c,train
36,4100c89f,train
36,03015ff9,train
36,1400be2c,train
36,41005853,train
36,15005935,train
36,410104c6,train
36,41011784,train
36,0d00342b,train
36,29004b82,train
36,410059de,train
36,13013b42,train
36,4100808a,train
36,41000235,train
36,41013a11,train
36,29017a12,train
36,0000ade1,train
36,41004869,train
36,1300a314,train
36,29011a5c,train
36,0e00de72,train
36,02001c91,train
36,0e000629,train
36,41003c7b,train
36,410134da,train
36,00009c0f,train
36,4100ce01,train
36,00000028,train
36,100151f7,train
36,4100eafe,train
36,0e00a44c,train
36,00010ab3,train
36,41007448,train
36,2901702a,train
36,410054a6,train
36,41010e72,train
36,0000ee92,train
36,41010870,train
36,1100b166,train
36,410135d5,train
36,0401707b,train
36,29015e7e,train
36,0700b409,train
36,08006a99,train
36,100161bf,train
36,0900ca41,train
36,12006707,train
36,4101396e,train
36,10002eab,train
36,4100adbe,train
36,4101102a,train
36,2900f0f7,train
36,0f00cf96,train
36,4100c338,train
36,0000ecbc,train
36,1500d98d,train
36,060010f8,train
36,4100066e,train
36,4100e135,train
36,41004266,train
36,0c00b039,train
36,4100c459,train
36,4100c3cc,train
36,04001753,train
36,06017f1a,train
36,0000565a,train
36,0a016e96,train
36,290040d5,train
36,4100b618,train
36,41011250,train
36,0000b136,train
36,41008f83,train
36,41010f2d,train
36,410118d0,train
36,10010d08,train
36,4100e3a0,train
36,4100f534,train
36,4100c66b,train
36,41000da3,train
36,0a01644d,train
36,0001498d,train
36,4100546d,train
36,0000ea26,train
36,410136bc,train
36,410026ce,train
36,110099d5,train
36,4100832e,train
36,1100ea54,train
36,41012395,train
36,0c00f0a2,train
36,4100b3f7,train
36,4100d995,train
36,4101045f,train
36,090174c2,train
36,41008458,train
36,29015ce6,train
36,000076bc,train
36,41000b6e,train
36,4100ea2b,train
36,4100733e,train
36,03018327,train
36,05000337,train
36,41001255,train
36,41000c24,train
36,03010bb6,train
36,4100118d,train
36,4100993b,train
36,4100f7ea,train
36,4100f57b,train
36,06012af0,train
36,29016345,train
36,10017f6d,train
36,0000a3d4,train
36,410071a0,train
36,0000e5db,train
36,2900b0d5,train
36,09007eb4,train
36,0a002e60,train
36,0d00422e,train
36,0000e643,train
36,00008b25,train
36,00010d93,train
36,4100a207,train
36,03001107,train
36,14000c29,train
36,41011cf5,train
36,060171e1,train
36,41008746,train
36,290113f0,train
36,0500afb8,train
36,29011a85,train
36,0801497b,train
36,29008de1,train
36,4100b061,train
36,0a002381,train
36,29017c8b,train
36,410090b7,train
36,4100e776,train
36,41012df7,train
36,4100ba14,train
36,29011e9c,train
36,29007ee6,train
36,0c00b59d,train
36,07001cb8,train
36,41013b3c,train
36,41011db4,train
36,05005948,train
36,41010eca,train
36,0000ee7a,train
36,0700894b,train
36,04017282,train
36,410027ea,train
36,0b0174e5,train
36,41002ca9,train
36,4100ea5a,train
36,290042aa,train
36,0e0040d4,train
36,290013f5,train
36,41007a3a,train
36,06004ad2,train
36,41013b1d,train
36,02013592,train
36,290117de,train
36,2901193b,train
36,41004806,train
36,060156dd,train
36,15007010,train
36,29009dd8,train
36,03003c30,train
36,0200bbf1,train
36,0d001c8d,train
36,04003ea2,train
36,41004ba3,train
36,150156b2,train
36,410072f5,train
36,4100e074,train
36,03011255,train
36,040153ab,train
36,2900d6ef,train
36,41004647,train
36,0800bfce,train
36,29004ea4,train
36,0000430c,train
36,29012af8,train
36,410119ac,train
36,4100173c,train
36,07007e70,train
36,0c012bcd,train
36,29006388,train
36,0a014cfa,train
36,4100136e,train
36,410015ad,train
36,410059d9,train
36,0d011603,train
36,0600e6a0,train
36,41006b92,train
36,4100b4c7,train
36,0d0124bb,train
36,0b00a6a9,train
36,08012b21,train
36,1200e581,train
36,080035ee,train
36,4101069a,train
36,41013e78,train
36,00014d0e,train
36,0a006afe,train
36,0100c39a,train
36,09009905,train
36,140135e8,train
36,41010912,train
36,120002ce,train
36,4100fc7c,train
36,0d001307,train
36,000120ca,train
36,03014a11,train
36,0001609f,train
36,0e00dc66,train
36,0101390d,train
36,0001153a,train
36,410071c5,train
36,0601466e,train
36,0901822d,train
36,4100d5b1,train
36,41013d3f,train
36,2900a4fe,train
36,4100f1ed,train
36,15000c8b,train
36,00016392,train
36,41006765,train
36,4100e108,train
36,41001c99,train
36,410075be,train
36,12018410,train
36,0100b317,train
36,41004119,train
36,05007d56,train
36,11017fb3,train
36,0f007136,train
36,0d010d8b,train
36,0d017204,train
36,00013f55,train
36,4100b398,train
36,00016128,train
36,4100590d,train
36,41003bd9,train
36,140066bc,train
36,0000d29b,train
36,00004538,train
36,03016242,train
36,0e00cbb2,train
36,0900cf7e,train
36,0a009e62,train
36,41003cee,train
36,0600cd5c,train
36,000098be,train
36,1300204c,train
36,00015c1d,train
36,4100c7e6,train
36,00018229,train
36,41004517,train
36,0d00f885,train
36,29003157,train
36,000041b1,train
36,4100c90a,train
36,4100f0e4,train
36,050038d5,train
36,41006617,train
36,090019a1,train
36,0700c51d,train
36,000012a4,train
36,05000714,train
36,29015d21,train
36,0a00009d,train
36,41006747,train
36,1500856f,train
36,0a00f235,train
36,0e00ab08,train
36,4100ca2d,train
36,080173d1,train
36,00017b22,train
36,41005659,train
36,4100f366,train
36,41011ba4,train
36,0300ae42,train
36,410091d6,train
36,0e01862d,train
36,000153de,train
36,08009f17,train
36,03015643,train
36,09007734,train
36,410027ff,train
36,08009ba3,train
36,41009537,train
36,110139a3,train
36,0b003ffb,train
36,0000d940,train
36,00007671,train
36,4100abb1,train
36,41007dc6,train
36,000074ac,train
36,41001b8c,train
36,41007d7e,train
36,00008566,train
36,0e0032cd,train
36,2900ba53,train
36,41007482,train
36,12003b22,train
36,0900f22c,train
36,04016a8f,train
36,140109eb,train
36,29003a99,train
36,290089bb,train
36,4100c926,train
36,090083fd,train
36,0500c6e4,train
36,110010a3,train
36,2900bd0d,train
36,4100cce0,train
36,0300d6bf,train
36,040047b2,train
36,29000fd0,train
36,4100fda0,train
36,41009bbb,train
36,410143e7,train
36,13016b31,train
36,0d009adc,train
36,04013b43,train
36,1000281c,train
36,41006e97,train
36,4100007c,train
36,0e00c50f,train
36,41009a04,train
36,070164c1,train
36,08013399,train
36,41007cc3,train
36,07011d51,train
36,4100f6a5,train
36,08014c44,train
36,15013ff4,train
36,0b017b75,train
36,0e003eaf,train
36,0300ddeb,train
36,0c0161d2,train
36,41012360,train
36,0f017c8f,train
36,0e0041c9,train
36,0e001026,train
36,410117b2,train
36,4100998e,train
36,03011b82,train
36,12005b98,train
36,41012b6f,train
36,4100eaf1,train
36,13014cb2,train
36,0200b6e7,train
36,41004914,train
36,4100d3ce,train
36,41001cc8,train
36,41005219,train
36,410117a7,train
36,4100067b,train
36,08017d8a,train
36,0c007295,train
36,2900f950,train
36,05000d53,train
36,410077bd,train
36,0101362a,train
36,04001451,train
36,2900e241,train
36,11008e8c,train
36,4100260d,train
36,0400989a,train
36,10017854,train
36,4100166c,train
36,09002da3,train
36,41006c5f,train
36,10006841,train
36,120116b7,train
36,050130bc,train
36,4100753a,train
36,0100a787,train
36,0e012849,train
36,4100bfc6,train
36,1100510e,train
36,000066de,train
36,41002271,train
36,41011fd1,train
36,060173b4,train
36,000082d9,train
36,4100c08b,train
36,05003331,train
36,4100bd68,train
36,29003fae,train
36,000170f3,train
36,1300815d,train
36,00000e54,train
36,07007821,train
36,4100f115,train
36,0700b737,train
36,0a002123,train
36,2900b444,train
36,0200272f,train
36,4100cafe,train
36,4100adc9,train
36,01014dd9,train
36,13002e7d,train
36,4100f4e3,train
36,0c00e7a7,train
36,41004588,train
36,10011baa,train
36,41011d25,train
36,4100191a,train
36,4100bb3e,train
36,41007b2e,train
36,290140f3,train
36,4100076a,train
36,2900b731,train
36,29010790,train
36,4100b117,train
36,0600f0cc,train
36,410048bd,train
36,0000147d,train
36,410079c9,train
36,0c004f96,train
36,13011269,train
36,3400d1d6,train
36,41004fb6,train
36,11013e32,train
36,410105a8,train
36,2900b73a,train
36,410085e9,train
36,410069a8,train
36,41002b19,train
36,0901461f,train
36,00015af1,train
36,040148e8,train
36,0100e34f,train
36,2900a0eb,train
36,02008704,train
36,2900dd96,train
36,08016b78,train
36,0000e34e,train
36,4100f0bc,train
36,08013e9b,train
36,0b004ad9,train
36,410036a2,train
36,1200374c,train
36,41013264,train
36,4100884a,train
36,0200ef59,train
36,4100ca13,train
36,41008688,train
36,010012b5,train
36,41003dea,train
36,41010b36,train
36,04004595,train
36,41005917,train
36,0000d111,train
36,41008fda,train
36,29010728,train
36,0300ee8f,train
36,4100e67d,train
36,000047d5,train
36,41011094,train
36,15003be1,train
36,4101230d,train
36,0d00bd5d,train
36,1101803e,train
36,0d003bc4,train
36,0d002e48,train
36,0700a0d0,train
36,060128e4,train
36,13001ffa,train
36,410123db,train
36,410120a0,train
36,29014e81,train
36,0f014f5f,train
36,4100a6c6,train
36,410105b6,train
36,08004b02,train
36,41002b7f,train
36,4100cadc,train
36,29009ee7,train
36,110070f3,train
36,00004094,train
36,13016e91,train
36,0b00be54,train
36,0e004f3a,train
36,4100f149,train
36,4100ac85,train
36,41005fbf,train
36,0d017d61,train
36,410020fd,train
36,2900543f,train
36,4100c79f,train
36,41000476,train
36,29009996,train
36,410046b2,train
36,12015a2d,train
36,0d0054cf,train
36,290068f6,train
36,29014694,train
36,4100b09c,train
36,04017366,train
36,4100b251,train
36,0d00bdd5,train
36,41006f74,train
36,06004fd1,train
36,29004efa,train
36,1000da14,train
36,41000127,train
36,410140f1,train
36,140011d2,train
36,2900d95f,train
36,29000289,train
36,0a0007ed,train
36,41005282,train
36,00016a5e,train
36,0900c768,train
36,4100db5c,train
36,00007509,train
36,00002971,train
36,290059fb,train
36,41007f4c,train
36,41008b6f,train
36,4100f042,train
36,15012939,train
36,050149ce,train
36,410046e7,train
36,0d00500f,train
36,41007a61,train
36,4100d71b,train
36,0000fabc,train
36,00012f01,train
36,0f00641e,train
36,0500a5ae,train
36,0400cb96,train
36,1400e174,train
36,29011881,train
36,4100053d,train
36,0c003ca3,train
36,0000dea9,train
36,0901530a,train
36,1300412c,train
36,4100a4fa,train
36,02016b1d,train
36,4100fde4,train
36,00003f52,train
36,4101197b,train
36,0d00566e,train
36,2901390c,train
36,11010a1b,train
36,00014e48,train
36,41007233,train
36,040047fc,train
36,0900f636,train
36,00007e7e,train
36,15013424,train
36,2900fa12,train
36,2900db64,train
36,41000119,train
36,3d0096af,train
36,02002bfa,train
36,2901773b,train
36,410001ec,train
36,08004018,train
36,0300c56f,train
36,4100fa9f,train
36,410122ea,train
36,06006151,train
36,0300844c,train
36,4100f0af,train
36,4100ba3b,train
36,340100fc,train
36,290089c0,train
36,08001faf,train
36,4100606a,train
36,000046b5,train
36,410106cc,train
36,2900b4be,train
36,41003174,train
36,4100ff63,train
36,41003e34,train
36,09011abd,train
36,41001bda,train
36,29004a6e,train
36,4100e3b1,train
36,4100efc8,train
36,4100d545,train
36,00014577,train
36,09002a51,train
36,4100e57d,train
36,00002a57,train
36,2900cb73,train
36,10012ce8,train
36,0d0000c4,train
36,410038c8,train
36,030081d0,train
36,07009f18,train
36,0e00ac42,train
36,290089c1,train
36,0700ff70,train
36,41009af7,train
36,41001556,train
36,4101414c,train
36,410092c0,train
36,0700116b,train
36,1300c3d1,train
36,41003218,train
36,41006cc4,train
36,41006a5f,train
36,41010208,train
36,2900a747,train
36,00011156,train
36,2901502c,train
36,41006e13,train
36,0900923d,train
36,0b0031c8,train
36,41000263,train
36,1400a88e,train
36,0a0072fd,train
36,10013580,train
36,00012fcc,train
36,41013515,train
36,0e00e8d8,train
36,41013210,train
36,06012f9f,train
36,01006e39,train
36,4100c595,train
36,2900055f,train
36,0700e0f0,train
36,410091c7,train
36,410105d2,train
36,01003ef4,train
36,050134de,train
36,4100d76c,train
36,290006ba,train
36,29002eed,train
36,4101387c,train
36,41005a21,train
36,410064d0,train
36,2900d683,train
36,0e011be6,train
36,41001e69,train
36,070107fd,train
36,41007e11,train
36,4100e3b0,train
36,41013346,train
36,11011f6e,train
36,41003012,train
36,05001c54,train
36,0b00e33c,train
36,0b012113,train
36,4100ae87,train
36,04007931,train
36,0300284d,train
36,41009c45,train
36,2900764e,train
36,03002539,train
36,02008657,train
36,130105c7,train
36,29004301,train
36,29009ef9,train
36,4100788d,train
36,4100a4af,train
36,000013d1,train
36,290015a9,train
36,09010375,train
36,41004892,train
36,4100a458,train
36,29016184,train
36,0a01077f,train
36,00013837,train
36,4100d401,train
36,0a00edda,train
36,00006f09,train
36,0300339a,train
36,2900b368,train
36,41002376,train
36,29001993,train
36,00006433,train
36,41003601,train
36,4100d4fe,train
36,41010994,train
36,4100ce66,train
36,2900bc54,train
36,100181b0,train
36,00012d22,train
36,060151a0,train
36,4100443c,train
36,4100f960,train
36,41009fb6,train
36,0000a159,train
36,410035e2,train
36,0c002a7f,train
36,04010665,train
36,13008669,train
36,4100d391,train
36,130117d8,train
36,41013331,train
36,0b003fcf,train
36,080109f3,train
36,41008577,train
36,2900f64b,train
36,41011213,train
36,41003a8f,train
36,09011cc6,train
36,41012782,train
36,41001258,train
36,41004740,train
36,41012ca2,train
36,14006ae9,train
36,290079a0,train
36,070100f4,train
36,15004146,train
36,0100f3a3,train
36,00011178,train
36,000120df,train
36,41000076,train
36,410063f2,train
36,29009643,train
36,41005cff,train
36,2900f9f7,train
36,2900d7c4,train
36,11014b0f,train
36,1500390d,train
36,0a00f406,train
36,41004418,train
36,2901328c,train
36,4100a599,train
36,4100d060,train
36,140142f9,train
36,0d009647,train
36,10006fda,train
36,14001531,train
36,2900226b,train
36,07005811,train
36,04000286,train
36,09008d26,train
36,29014b5d,train
36,4100a850,train
36,00012f86,train
36,41012f9b,train
36,2900674c,train
36,41010302,train
36,000095b0,train
36,41004d77,train
36,0f003a73,train
36,410130a9,train
36,41010956,train
36,12015ead,train
36,0000fdc3,train
36,41007b63,train
36,1100206f,train
36,41004ef0,train
36,14004950,train
36,00015e9d,train
36,140173af,train
36,0001533a,train
36,13005d55,train
36,000161bf,train
36,10017bfd,train
36,0000e9f5,train
36,100118ea,train
36,03010fce,train
36,41001a23,train
36,410075e3,train
36,4100c56a,train
36,0d01784d,train
36,0c00cae9,train
36,0e00f09d,train
36,0c017973,train
36,41009b68,train
36,0600a56c,train
36,41000ff5,train
36,0400a9a1,train
36,09012f16,train
36,41005390,train
36,01017926,train
36,0b009856,train
36,060123bb,train
36,0f010742,train
36,1500ccda,train
36,2900d7bc,train
36,41009569,train
36,14012a8f,train
36,4100545e,train
36,29012416,train
36,4101270f,train
36,41012d50,train
36,0e0044c8,train
36,41000e88,train
36,0a003a1a,train
36,4100f7da,train
36,41004ab3,train
36,0e014a7d,train
36,41010ee0,train
36,41011c9a,train
36,4100a722,train
36,410030ce,train
36,12013941,train
36,0901339c,train
36,2901498b,train
36,15012c9d,train
36,0e00885b,train
36,4100ceb3,train
36,41003dde,train
36,41011c7a,train
36,03000dbe,train
36,0901566d,train
36,000045e2,train
36,0a000aff,train
36,41003869,train
36,41011389,train
36,29004d81,train
36,4100dcfb,train
36,090118dc,train
36,29013f2b,train
36,4100a6f4,train
36,00017125,train
36,41013b53,train
36,11011ef1,train
36,41000905,train
36,0300f4c5,train
36,13010ec3,train
36,09000d0c,train
36,0001533e,train
36,41002b92,train
36,09017718,train
36,29017a6d,train
36,290135e0,train
36,0b005bec,train
36,08004754,train
36,4100f6a9,train
36,4100c74e,train
36,410121ad,train
36,070001ab,train
36,41006fa5,train
36,1400f6b5,train
36,41009b9e,train
36,4100c516,train
36,4100bfc1,train
36,4100ced6,train
36,41000f4f,train
36,1000d5a2,train
36,41013a7e,train
36,040024ca,train
36,41012672,train
36,290146ab,train
36,03010140,train
36,140022fc,train
36,02002e7c,train
36,41000f3e,train
36,14004b05,train
36,0b0016bb,train
36,05007de5,train
36,41001549,train
36,140137a3,train
36,4101430a,train
36,41001d91,train
36,0301663d,train
36,41007653,train
36,4100dc63,train
36,05016a40,train
36,41004362,train
36,000092c9,train
36,41010401,train
36,06002a32,train
36,41012374,train
36,41002278,train
36,4100621f,train
36,10018227,train
36,41012484,train
36,06013bca,train
36,00013dfa,train
36,1500d076,train
36,0200bbd9,train
36,11016a5d,train
36,05001488,train
36,0f0147aa,train
36,00017ee3,train
36,41008ecf,train
36,040134e3,train
36,29011fb1,train
36,0201608d,train
36,4100eea4,train
36,340150cb,train
36,00004407,train
36,00014d9e,train
36,07006749,train
36,29016d3b,train
36,00016bfd,train
36,29001a89,train
36,08001e25,train
36,4100ed23,train
36,290132aa,train
36,29016980,train
36,0d018224,train
36,41010caf,train
36,4100792f,train
36,0d015829,train
36,4101087c,train
36,41008db4,train
36,41012cc5,train
36,29014857,train
36,4100b060,train
36,2900136a,train
36,0c004cd2,train
36,2900bcca,train
36,2900d0cb,train
36,41002ffa,train
36,0e00fa39,train
36,04005c0e,train
36,410009ef,train
36,0e0178d4,train
36,0d01813e,train
36,290181e4,train
36,00003e6c,train
36,29001c59,train
36,0c00c158,train
36,4101151f,train
36,4100e530,train
36,00013a08,train
36,29001fd7,train
36,0000af7c,train
36,060026b8,train
36,0d00a4d2,train
36,0000727f,train
36,08011b40,train
36,410057a3,train
36,41007047,train
36,00014ec9,train
36,09008c9c,train
36,4100c755,train
36,0e015c7a,train
36,410013f7,train
36,410138b0,train
36,06010233,train
36,0400c9c1,train
36,0a008f01,train
36,0f0135b1,train
36,00008c4e,train
36,41004120,train
36,1000c953,train
36,410014de,train
36,4100636b,train
36,0e00948e,train
36,0b011b52,train
36,0001427b,train
36,08014497,train
36,0e01336f,train
36,41007142,train
36,4100f57f,train
36,0700d650,train
36,41011c2a,train
36,4100c3d8,train
36,410072b2,train
36,41008f9a,train
36,07000685,train
36,0b0029d7,train
36,41002f4c,train
36,0000f938,train
36,0a014b8c,train
36,41012099,train
36,4100224b,train
36,4100c788,train
36,41003892,train
36,410013bf,train
36,0e0014f2,train
36,4100330a,train
36,410061d9,train
36,41001eb6,train
36,41003fac,train
36,130124bf,train
36,29012c55,train
36,0000e28e,train
36,11015124,train
36,0800c539,train
36,1000a023,train
36,06003249,train
36,0000653a,train
36,41006800,train
36,1200840d,train
36,29016a40,train
36,4100411c,train
36,0501608e,train
36,1500e8a8,train
36,41010000,train
36,2900f002,train
36,0000e506,train
36,0701434f,train
36,290139ef,train
36,0800fe4d,train
36,41005814,train
36,37011e57,train
36,41000969,train
36,41009b42,train
36,1000585b,train
36,4100a16e,train
36,290104c7,train
36,10004034,train
36,4100a5cf,train
36,13005335,train
36,0701579c,train
36,0800816c,train
36,0c00e9cf,train
36,15012eeb,train
36,41011044,train
36,0e008737,train
36,11016e83,train
36,410031ec,train
36,030117bd,train
36,4101450f,train
36,2900e600,train
36,41007c53,train
36,41012f21,train
36,080024da,train
36,41006459,train
36,41012623,train
36,41004dc3,train
36,01016d9d,train
36,2900ee23,train
36,29008798,train
36,41012596,train
36,410033d1,train
36,41013b56,train
36,4100f008,train
36,410020db,train
36,0e0135f7,train
36,0a004cc9,train
36,0000a8a9,train
36,0001136f,train
36,41004710,train
36,4100747e,train
36,41008f0b,train
36,41011d05,train
36,4100683d,train
36,0300f54f,train
36,4100433a,train
36,4100ccc5,train
36,41009494,train
36,07014aed,train
36,0000511a,train
36,4100581f,train
36,4100f5ff,train
36,41000727,train
36,41002bc1,train
36,03001653,train
36,410051ca,train
36,14010628,train
36,41009bad,train
36,07000ba5,train
36,03011db3,train
36,29013a5e,train
36,1100bb7e,train
36,41013539,train
36,41001116,train
36,00001b17,train
36,4100c2da,train
36,41011850,train
36,29011d25,train
36,05003e3e,train
36,03013c17,train
36,0e00c37c,train
36,4100e469,train
36,41004090,train
36,4100b32d,train
36,0f0103cb,train
36,4100785c,train
36,0c00cea1,train
36,0600ca39,train
36,4100e48a,train
36,040036d9,train
36,4100a99a,train
36,2900a957,train
36,29007c44,train
36,12006c81,train
36,0200f913,train
36,10014c32,train
36,410070e4,train
36,410015b2,train
36,00005f42,train
36,00003dae,train
36,0500ca1a,train
36,41008340,train
36,05004e05,train
36,290075f6,train
36,3c012e25,train
36,09003a02,train
36,08006b98,train
36,0000976f,train
36,0e0102de,train
36,000083fb,train
36,1400d6ee,train
36,41001e40,train
36,1300f177,train
36,4100713f,train
36,29004a43,train
36,41007335,train
36,4100d874,train
36,070171f7,train
36,4100f13b,train
36,4100961b,train
36,4100f843,train
36,29006f79,train
36,07005670,train
36,0800e318,train
36,290124e4,train
36,0000e148,train
36,2900eb74,train
36,4100643b,train
36,4100717b,train
36,41009ef5,train
36,410085ba,train
36,41009c06,train
36,410045b4,train
36,0e000476,train
36,41003622,train
36,02009c64,train
36,41007fb9,train
36,0f00331f,train
36,0001189e,train
36,1300b75d,train
36,0c002918,train
36,0000e84f,train
36,0001806c,train
36,41002e39,train
36,0a017cde,train
36,000081f3,train
36,4100af95,train
36,41006233,train
36,410015e3,train
36,4100493f,train
36,4100837a,train
36,1300acec,train
36,05007337,train
36,04012f21,train
36,410118ba,train
36,050039e7,train
36,0500696f,train
36,0400e3c5,train
36,4100e928,train
36,120124b9,train
36,0400200c,train
36,00017b75,train
36,0b009e5d,train
36,4100c276,train
36,4100ff05,train
36,4100977e,train
36,41006b1c,train
36,0c00f715,train
36,41005ba3,train
36,0000e4c6,train
36,0001265b,train
36,4101216a,train
36,000118d2,train
36,41013230,train
36,41005373,train
36,410092b8,train
36,0b00d45c,train
36,030184a1,train
36,4100026f,train
36,00000476,train
36,410094e9,train
36,4100784d,train
36,07016922,train
36,41005e36,train
36,29004889,train
36,4100390b,train
36,4100cfdf,train
36,0b00a576,train
36,000103d9,train
36,41002461,train
36,11003451,train
36,0c007899,train
36,1400bc06,train
36,0700598b,train
36,410034d9,train
36,000156f9,train
36,12008a11,train
36,12006080,train
36,29015c7e,train
36,4100238f,train
36,000046a9,train
36,4100f42c,train
36,07016c11,train
36,41004704,train
36,0701149b,train
36,4100cd4f,train
36,29014fcf,train
36,4100de65,train
36,2900c52f,train
36,2901598a,train
36,03006cf1,train
36,0900115b,train
36,41013d69,train
36,0000efc1,train
36,41008738,train
36,1300440b,train
36,4100b66c,train
36,020185ec,train
36,2900166b,train
36,0b012501,train
36,41003ccc,train
36,4100ec4d,train
36,4100af27,train
36,150116c0,train
36,4100aa70,train
36,41016e5e,val
36,41015883,val
36,41014635,val
36,4101500f,val
36,41014d70,val
36,410167d4,val
36,41014d26,val
36,41015517,val
36,410167c2,val
36,41016ffa,val
36,41015164,val
36,41015f14,val
36,4101535e,val
36,4101687a,val
36,410157b5,val
36,41015e4c,val
36,41016000,val
36,41015ffd,val
36,41015b9e,val
36,41016ad6,val
36,4101660a,val
36,41015497,val
36,41014ba7,val
36,41015812,val
36,41015821,val
36,410146e0,val
36,410168e4,val
36,41015403,val
36,41015960,val
36,41016bf9,val
36,4101481c,val
36,41015170,val
36,41016f9f,val
36,41015404,val
36,4101521c,val
36,41014e33,val
36,410147f9,val
36,4101696c,val
36,41014f1f,val
36,41014f06,val
36,410147c3,val
36,41016161,val
36,41014fa7,val
36,41016aff,val
36,41016dd0,val
36,41015700,val
36,41016d98,val
36,4101668a,val
36,41015b17,val
36,410170b0,val
36,410149bf,val
36,41014782,val
36,4101605e,val
36,41015380,val
36,410150dc,val
36,4101482a,val
36,410163ef,val
36,410149f6,val
36,41015f73,val
36,41014bc5,val
36,410157da,val
36,41016a42,val
36,41016dd5,val
36,41016fa0,val
36,41017007,val
36,410168e2,val
36,41016a67,val
36,410166f7,val
36,41014dbd,val
36,41016994,val
36,4101458d,val
36,43002a31,test
36,41017b2b,test
36,41017f6c,test
36,4101778f,test
36,41018558,test
36,43015a21,test
36,43010687,test
36,4101798e,test
36,43015a6f,test
36,410172b2,test
36,43007e96,test
36,4300b06f,test
36,43016fb8,test
36,41017831,test
36,41017bad,test
36,430038d7,test
36,43017126,test
36,410179a6,test
36,410177b1,test
36,41017c9d,test
36,41017b9c,test
36,430049e5,test
36,4300826c,test
36,410170e6,test
36,41017ec6,test
36,43009d18,test
36,4300f8f9,test
36,43007018,test
36,43015b98,test
36,430096b1,test
36,43010dde,test
36,43008cc7,test
36,430122e2,test
36,41017d72,test
36,41017e17,test
36,4300a550,test
36,43003b9a,test
36,43016e6d,test
36,430066c4,test
36,4101796c,test
36,430070a7,test
36,41017ba7,test
36,41018321,test
36,410184b0,test
36,4300de24,test
36,4101827f,test
36,410177c2,test
36,4101852a,test
36,430185e3,test
36,410174c4,test
36,43016c2d,test
36,41017a7c,test
36,41017899,test
36,41017549,test
36,41017b9a,test
36,410181fd,test
36,41017da3,test
36,410174ed,test
36,4300e313,test
36,430073f1,test
36,410181c7,test
36,41017191,test
36,41017958,test
36,41017bac,test
36,4300c320,test
36,4300c6e2,test
36,43012210,test
36,4301841a,test
36,410175e6,test
36,4101781f,test
36,41017f9a,test
36,410173db,test
36,43010ab4,test
6,4000a620,train
6,1000dff5,train
6,08006b4c,train
6,1201145d,train
6,40004786,train
6,0901032d,train
6,070003b0,train
6,4100d62e,train
6,4000817b,train
6,4100993e,train
6,4100d494,train
6,410052b3,train
6,400023c5,train
6,40002ebf,train
6,4001868b,train
6,4100832f,train
6,09016c63,train
6,40005d5f,train
6,0d00500a,train
6,4000b243,train
6,0f005032,train
6,400013df,train
6,4000f1f7,train
6,4001399c,train
6,4000aa20,train
6,400104b7,train
6,1500ab24,train
6,400164a0,train
6,40003551,train
6,120077f3,train
6,010016b1,train
6,40013fcc,train
6,4100723b,train
6,4100445d,train
6,4000b566,train
6,40003f14,train
6,41003106,train
6,4100a3a5,train
6,0100ae5d,train
6,40004a8f,train
6,4000c0fe,train
6,4000ad57,train
6,410077b8,train
6,1400d9ee,train
6,400053a5,train
6,0a008eb9,train
6,0f0001ef,train
6,4100a812,train
6,40011a94,train
6,000025f4,train
6,400171f4,train
6,4100bb20,train
6,04013bc9,train
6,400096f6,train
6,0200e320,train
6,400012c2,train
6,400092a5,train
6,40012418,train
6,02009e7c,train
6,4000b668,train
6,06001a9b,train
6,4101042b,train
6,4100a8a1,train
6,4000f18c,train
6,410014d3,train
6,40014f7a,train
6,040010e8,train
6,40014d94,train
6,0b008346,train
6,0b002b51,train
6,41005a4d,train
6,4100f162,train
6,40015ae6,train
6,4000b3bf,train
6,01016985,train
6,1a012f13,train
6,01006c24,train
6,0f0010ba,train
6,4000dd59,train
6,41000990,train
6,4000256c,train
6,0a010835,train
6,40014f7c,train
6,400127f5,train
6,0c004d76,train
6,4101181c,train
6,40000c9e,train
6,400167f5,train
6,4100b9e0,train
6,4100b40b,train
6,4100f6bd,train
6,4000655b,train
6,40003747,train
6,03016824,train
6,0200788e,train
6,1400bdf4,train
6,050112c4,train
6,13010c97,train
6,140088f8,train
6,4000b17c,train
6,0d0125c2,train
6,4100d3b9,train
6,40004c65,train
6,40017d62,train
6,41000045,train
6,4100fa80,train
6,12003d59,train
6,010111f8,train
6,4000ff35,train
6,40003fdf,train
6,40008cbf,train
6,060129dc,train
6,4100923e,train
6,40014b04,train
6,400073f0,train
6,4100f58d,train
6,41004eb5,train
6,4100fa0f,train
6,4000a086,train
6,0e00bfc0,train
6,4100f374,train
6,05006f51,train
6,0c014154,train
6,05016169,train
6,130077d7,train
6,40011427,train
6,40015164,train
6,41002886,train
6,41008700,train
6,12001136,train
6,4001527a,train
6,410122ca,train
6,400094a4,train
6,06004832,train
6,4100cf3b,train
6,410043ea,train
6,0401009a,train
6,0200fefe,train
6,07003595,train
6,4100b9f8,train
6,410005af,train
6,4100f198,train
6,40015c54,train
6,40017720,train
6,40015b99,train
6,00003eca,train
6,4000870c,train
6,40003976,train
6,41011d01,train
6,0b0161be,train
6,41003f7d,train
6,40015f16,train
6,400027fe,train
6,040035e8,train
6,40015e8c,train
6,110011e9,train
6,40004f42,train
6,4000e023,train
6,4100e83b,train
6,41004e22,train
6,0f00dad6,train
6,4000b86b,train
6,0900cdec,train
6,400053d7,train
6,40012716,train
6,0d001c8f,train
6,400016d1,train
6,410068a0,train
6,41009a1e,train
6,090148d6,train
6,41006088,train
6,4000c4b8,train
6,100010fe,train
6,410039dc,train
6,4100622e,train
6,40017bb4,train
6,08007bc8,train
6,4000146b,train
6,4100712a,train
6,0d007dde,train
6,4001423c,train
6,4100ef9a,train
6,4100dced,train
6,0200c3d6,train
6,10002bf3,train
6,410070b5,train
6,40017e39,train
6,010030b0,train
6,03013de7,train
6,40017eac,train
6,1001815e,train
6,41005efc,train
6,0e00b4ca,train
6,400042fc,train
6,40008112,train
6,0a006e94,train
6,41004518,train
6,40009607,train
6,40016c4f,train
6,15013df4,train
6,4100d9e6,train
6,41005837,train
6,40001381,train
6,40002c22,train
6,1100b75c,train
6,40013373,train
6,40005abd,train
6,13014148,train
6,400071f3,train
6,40010e00,train
6,400092e7,train
6,0e0028fc,train
6,1300a93e,train
6,410098d6,train
6,41010c33,train
6,0300a65f,train
6,12001391,train
6,4100b5b0,train
6,40004c46,train
6,400145d9,train
6,4100d56f,train
6,140123f2,train
6,400141d4,train
6,40001d88,train
6,40003f35,train
6,40001e6d,train
6,40001ce2,train
6,40014057,train
6,40013141,train
6,400070db,train
6,4100c53e,train
6,14002016,train
6,000062ee,train
6,40002229,train
6,4100021b,train
6,40004698,train
6,410080bc,train
6,40014055,train
6,01005ac8,train
6,40005569,train
6,4000d8a6,train
6,40017d56,train
6,0101199a,train
6,0e0175aa,train
6,0800e7f1,train
6,0500c9f8,train
6,40002d12,train
6,41008c84,train
6,40001c45,train
6,4100994d,train
6,4100b629,train
6,410048e6,train
6,41007fab,train
6,40015df0,train
6,15005e86,train
6,40000a2d,train
6,4100bfb2,train
6,0100ceb8,train
6,0100d7d2,train
6,41011370,train
6,41010618,train
6,40002b58,train
6,06002d41,train
6,40009d38,train
6,4001121b,train
6,0a0152fa,train
6,40000552,train
6,1a00219c,train
6,4100718d,train
6,06017498,train
6,0500595e,train
6,10010e1a,train
6,41007413,train
6,40007d42,train
6,41003233,train
6,410010fb,train
6,4100b26f,train
6,40000116,train
6,4000498a,train
6,0a01173e,train
6,0a000f4a,train
6,00013a3d,train
6,4000544e,train
6,40008809,train
6,4100b843,train
6,0a00056c,train
6,41002c06,train
6,4000c4db,train
6,400040c0,train
6,11014333,train
6,41008730,train
6,400042ec,train
6,400055e7,train
6,41005a00,train
6,0e00438f,train
6,4100eb39,train
6,140099da,train
6,15011169,train
6,41004ce1,train
6,40001477,train
6,4000b833,train
6,4100be31,train
6,40008366,train
6,4000e9a5,train
6,0d00d814,train
6,400061ce,train
6,41001588,train
6,410022e1,train
6,41006afd,train
6,410094a1,train
6,0b01026f,train
6,4000e85c,train
6,0a00b201,train
6,410105c9,train
6,0e0128f5,train
6,1300b5af,train
6,4000dc43,train
6,40008b6e,train
6,14008d54,train
6,02011f88,train
6,40015938,train
6,41003e4a,train
6,4001759a,train
6,410097f4,train
6,400107da,train
6,030058aa,train
6,15013ffd,train
6,40007bc9,train
6,40003fb7,train
6,40005d44,train
6,4100541d,train
6,1400fb52,train
6,4000f3fd,train
6,1100dcb9,train
6,40001275,train
6,40010ff6,train
6,150031fc,train
6,40005709,train
6,41000ce9,train
6,4100170a,train
6,40004852,train
6,10000d36,train
6,4100bcb7,train
6,4100616d,train
6,0a001a60,train
6,14006708,train
6,4000597a,train
6,4000729f,train
6,150075cf,train
6,4000f93d,train
6,40016beb,train
6,4100c2c6,train
6,4100a2f5,train
6,0e017dae,train
6,400095f4,train
6,03013243,train
6,0701561e,train
6,120077fb,train
6,14013b3d,train
6,4000efd4,train
6,4000f700,train
6,410036b5,train
6,0500c6ae,train
6,4100a59a,train
6,4100935d,train
6,1100851f,train
6,41004bfa,train
6,4000b533,train
6,40001df3,train
6,4000ff1d,train
6,07010036,train
6,4000ff31,train
6,40008ccb,train
6,1500317f,train
6,4001867c,train
6,4000b9f0,train
6,40011d59,train
6,40004c6a,train
6,41000d86,train
6,0b01686f,train
6,40013106,train
6,0f013d6d,train
6,410012ca,train
6,10012e00,train
6,07009f17,train
6,08002fa7,train
6,40008e08,train
6,04001bb5,train
6,400089b9,train
6,4001041a,train
6,4000439b,train
6,0b0163a6,train
6,15013b56,train
6,4100713e,train
6,000003f7,train
6,14002cb8,train
6,41009803,train
6,0200670c,train
6,4100dda3,train
6,4100fed5,train
6,0500d465,train
6,00011907,train
6,400152f8,train
6,0f00d6a1,train
6,1a003e62,train
6,4100342a,train
6,40010175,train
6,40014bc6,train
6,0f008d1d,train
6,40010b25,train
6,4000faee,train
6,05003419,train
6,4101003b,train
6,40000ee1,train
6,1400654c,train
6,0600cf81,train
6,40002088,train
6,0e006a92,train
6,04007827,train
6,40003918,train
6,4000634a,train
6,0c0027f0,train
6,12003450,train
6,4001455d,train
6,4100eae6,train
6,4100afba,train
6,4100cf03,train
6,41002cb9,train
6,0b00408a,train
6,40008e2e,train
6,4100d64c,train
6,40004686,train
6,40007f63,train
6,40011a82,train
6,410083f6,train
6,4100dbeb,train
6,40009ff6,train
6,400078f4,train
6,4000a5de,train
6,40011525,train
6,4000c74f,train
6,40015677,train
6,0900f049,train
6,40006274,train
6,410003a0,train
6,40011496,train
6,4000f083,train
6,4000ad79,train
6,400031db,train
6,41007275,train
6,410120e8,train
6,40016995,train
6,400055af,train
6,0100ab6a,train
6,40001e91,train
6,4000e655,train
6,40000b55,train
6,150154c6,train
6,400046eb,train
6,400149ee,train
6,4100cf0d,train
6,030089a4,train
6,400085c3,train
6,4000e46a,train
6,4000736f,train
6,0e002114,train
6,40015c72,train
6,40012818,train
6,4000ab2e,train
6,14003a46,train
6,0c00cab4,train
6,4001788e,train
6,41001d1e,train
6,140036d6,train
6,4000fe14,train
6,0b00429e,train
6,40001786,train
6,4100c103,train
6,4100a251,train
6,0a00da43,train
6,400006d5,train
6,0600806f,train
6,0c0012b4,train
6,1100e0cc,train
6,0600ff3b,train
6,0b01642d,train
6,0d0050b4,train
6,0300b475,train
6,4100299b,train
6,400021a0,train
6,4000850c,train
6,0b00cab1,train
6,10017331,train
6,40006de6,train
6,40008c6d,train
6,0f012869,train
6,02009482,train
6,4001427b,train
6,4100f621,train
6,4000f131,train
6,0c003b09,train
6,4100bb84,train
6,0e003069,train
6,40000e26,train
6,4000cc86,train
6,400125d1,train
6,4100bd4e,train
6,08008beb,train
6,40006637,train
6,1500e202,train
6,41003d0b,train
6,4100656a,train
6,4000cfad,train
6,41005b3c,train
6,4100aea3,train
6,40000164,train
6,410015b9,train
6,40017eb5,train
6,4001648c,train
6,40008c32,train
6,080093c3,train
6,09004f67,train
6,4000a54a,train
6,40018009,train
6,41009e7e,train
6,02012f3b,train
6,05010abf,train
6,4000b863,train
6,40001cd1,train
6,4000a789,train
6,4000a79d,train
6,40011706,train
6,41001f48,train
6,4000b479,train
6,0500bdd0,train
6,0a00276d,train
6,0601095b,train
6,0e00a6c5,train
6,1001160f,train
6,4000147d,train
6,41011598,train
6,40000801,train
6,0300002b,train
6,41009434,train
6,0c014565,train
6,4100aafd,train
6,15015cba,train
6,41004c9a,train
6,40013a8a,train
6,01011332,train
6,04011875,train
6,4000564b,train
6,0200b45d,train
6,4000870f,train
6,4100aecf,train
6,41001617,train
6,06002f07,train
6,00002fbe,train
6,4100b56d,train
6,40000cea,train
6,41006432,train
6,0c017909,train
6,07004afe,train
6,4000095a,train
6,12011eae,train
6,40000f96,train
6,4000e7df,train
6,4100f396,train
6,40009278,train
6,41009b32,train
6,10009e62,train
6,4100930d,train
6,40016f9b,train
6,40002683,train
6,400154d4,train
6,41003bbe,train
6,41009859,train
6,4100cc57,train
6,4100ce44,train
6,1500a0e3,train
6,4100738b,train
6,400083bf,train
6,0f00350c,train
6,400161c1,train
6,0900a629,train
6,11015837,train
6,10009b02,train
6,0d0174ac,train
6,410013ec,train
6,0d007069,train
6,1a013110,train
6,4000feb2,train
6,4100b2d3,train
6,4000bc77,train
6,40014e90,train
6,12016bbd,train
6,4100cb4f,train
6,0600e231,train
6,0e00e013,train
6,4000bde6,train
6,1300aa41,train
6,0500c034,train
6,40015811,train
6,410120a7,train
6,0a006199,train
6,0a012e67,train
6,06017fc9,train
6,410114d7,train
6,40015499,train
6,4000fcd3,train
6,11014f35,train
6,12004d92,train
6,0800f091,train
6,1a010098,train
6,40006b9b,train
6,4000f773,train
6,400049fd,train
6,1200516a,train
6,0300e195,train
6,41001711,train
6,1500f89c,train
6,40000c22,train
6,40001cd2,train
6,0a00be28,train
6,1500389a,train
6,41008d9a,train
6,4000a9ee,train
6,4100d1c4,train
6,400093e6,train
6,4001298e,train
6,400080f8,train
6,4000ddef,train
6,40001864,train
6,4000e0f1,train
6,40009d33,train
6,040086c5,train
6,0f00ba61,train
6,4100fd7c,train
6,410111c8,train
6,0100a636,train
6,41011aa0,train
6,0600c533,train
6,40010bed,train
6,4100fb03,train
6,07003752,train
6,410046e1,train
6,0c011b06,train
6,40014991,train
6,410084e4,train
6,410109b8,train
6,40009761,train
6,40007d94,train
6,4000f23e,train
6,4100cb42,train
6,41001270,train
6,4000d7fd,train
6,0700ec9e,train
6,4000b629,train
6,400083c8,train
6,040178ce,train
6,40006695,train
6,0e007bc9,train
6,40008e34,train
6,0d014da7,train
6,01012e4e,train
6,0300dbde,train
6,40000776,train
6,0b01181b,train
6,0c0070fd,train
6,4100e626,train
6,0c010b86,train
6,40006aab,train
6,4000fbde,train
6,40011921,train
6,09002024,train
6,1501242d,train
6,4100e23e,train
6,140118fc,train
6,05018236,train
6,05004768,train
6,41004265,train
6,1300dcb1,train
6,41004b3a,train
6,400110d9,train
6,4000f883,train
6,12013b01,train
6,4100e4f4,train
6,40015ee0,train
6,4100674e,train
6,0f00c6c0,train
6,4000b9a7,train
6,0001086e,train
6,40011937,train
6,41003d35,train
6,4100d104,train
6,400061a2,train
6,40010bac,train
6,0b004f77,train
6,4100b782,train
6,40008f7a,train
6,4000ecfc,train
6,40007f46,train
6,0100ebc9,train
6,03009ff0,train
6,0800f056,train
6,4000187c,train
6,1100ce7b,train
6,400000fc,train
6,1100214f,train
6,4000fd63,train
6,0200980b,train
6,400169a9,train
6,15016e5e,train
6,4000a940,train
6,4000014e,train
6,400072a4,train
6,40004d68,train
6,41007433,train
6,4000559e,train
6,0d00cb5d,train
6,410074f8,train
6,05014189,train
6,0e009a80,train
6,4000965f,train
6,0a00f1c9,train
6,4000d1e3,train
6,40007e09,train
6,4100116f,train
6,40006752,train
6,40016822,train
6,410044f0,train
6,4100b5f4,train
6,0c00bc83,train
6,400140eb,train
6,0f001e66,train
6,08015fb7,train
6,1400ecb3,train
6,4001672f,train
6,40009f8b,train
6,4001805a,train
6,0100f2bc,train
6,41010e8f,train
6,4100d969,train
6,05009dec,train
6,400027aa,train
6,400157ff,train
6,40016b4c,train
6,4100e178,train
6,4000cc31,train
6,41000082,train
6,4100c38a,train
6,410028bd,train
6,4000d4ed,train
6,4000c47f,train
6,0100f9c0,train
6,40013d37,train
6,410035b1,train
6,41008d76,train
6,1500a850,train
6,09012149,train
6,410033d0,train
6,0800b480,train
6,40005336,train
6,090051f6,train
6,04000e7d,train
6,4000f8aa,train
6,15012ee5,train
6,40010bf1,train
6,05012757,train
6,0f00c3d9,train
6,40000e33,train
6,0d00969d,train
6,01008a7d,train
6,4001593a,train
6,1100b250,train
6,0c00ffec,train
6,4000ed9a,train
6,40010e3c,train
6,40015dbe,train
6,4100e02e,train
6,0f017c5f,train
6,41008b66,train
6,40001b85,train
6,40004ab0,train
6,4000b7ea,train
6,08012c15,train
6,4000ed9e,train
6,1100924a,train
6,4100c226,train
6,400027ee,train
6,410095a3,train
6,4000f05d,train
6,4100678b,train
6,07012858,train
6,40015ce9,train
6,4000c5b0,train
6,400134a6,train
6,400094d5,train
6,41009d76,train
6,01013f34,train
6,40003cc9,train
6,41002550,train
6,41009124,train
6,00010595,train
6,0d01144f,train
6,40016fa8,train
6,4000e5db,train
6,400046d1,train
6,410101d8,train
6,40006cb5,train
6,01014381,train
6,04003304,train
6,100051d4,train
6,40006a75,train
6,40005e1a,train
6,41010374,train
6,40006b01,train
6,400063ef,train
6,4001789e,train
6,41010ec1,train
6,15004cf1,train
6,4100f7a3,train
6,0600cc45,train
6,4000fc77,train
6,400162ba,train
6,41000fb9,train
6,4100620c,train
6,40014a11,train
6,4000fdce,train
6,40010079,train
6,0a011224,train
6,4100c8f5,train
6,41007704,train
6,41007eb7,train
6,4100da53,train
6,01013fb7,train
6,4100fb63,train
6,410007d9,train
6,41006862,train
6,0b00925e,train
6,01001431,train
6,40016c4c,train
6,0d00c706,train
6,4001058a,train
6,4100fe47,train
6,0a00d8d4,train
6,0d003bff,train
6,4100e032,train
6,4000f489,train
6,4001106c,train
6,0d00dc6a,train
6,010106bf,train
6,4000e8c6,train
6,410002e6,train
6,0c001fb8,train
6,02005ed9,train
6,4100494c,train
6,130113a3,train
6,4100377b,train
6,4000b388,train
6,010000b3,train
6,40008dfc,train
6,4100f03d,train
6,40000d1c,train
6,40013c99,train
6,0500f478,train
6,410087e3,train
6,40008d38,train
6,4100874a,train
6,4000558c,train
6,11015fa9,train
6,4000a047,train
6,14000643,train
6,04012059,train
6,40006102,train
6,40002363,train
6,07009d25,train
6,41001a2d,train
6,4000c8c1,train
6,0d0135fc,train
6,0600fea1,train
6,40016656,train
6,410003f0,train
6,4100bf9f,train
6,40011ca1,train
6,12013e10,train
6,1300bb68,train
6,4100e5a3,train
6,40014067,train
6,4001161d,train
6,1501123c,train
6,40013a44,train
6,40004ad0,train
6,130113f6,train
6,4100b8a8,train
6,41000e95,train
6,4000fdb9,train
6,40014c23,train
6,41000423,train
6,0b0080ed,train
6,4100a311,train
6,1400eb71,train
6,4000f2ad,train
6,40018310,train
6,4000f0e4,train
6,4100e751,train
6,40011749,train
6,40009164,train
6,0a011870,train
6,41003c11,train
6,150099f5,train
6,40001317,train
6,4100fbdf,train
6,4000d64a,train
6,40003004,train
6,4000c246,train
6,410009e6,train
6,0700caff,train
6,41006804,train
6,40001d84,train
6,4000e882,train
6,0c005da9,train
6,4000c386,train
6,4000cbb6,train
6,40013dd1,train
6,400174c1,train
6,40000dd4,train
6,410004be,train
6,0400d23d,train
6,04015032,train
6,400049d8,train
6,400162ab,train
6,0e010d72,train
6,1300cab7,train
6,4000c2a4,train
6,410112f7,train
6,400093f4,train
6,0a008c78,train
6,0500feee,train
6,4001424d,train
6,4000953b,train
6,40007e64,train
6,0b016a7a,train
6,4000c375,train
6,4000e147,train
6,4101004d,train
6,0200f465,train
6,40014a3b,train
6,4000c630,train
6,4100730d,train
6,4100a7a1,train
6,40011470,train
6,40017637,train
6,4000fe7f,train
6,41001c76,train
6,40009696,train
6,0f00fc60,train
6,02011a8f,train
6,0c0073e2,train
6,410120fe,train
6,40015167,train
6,4100adb8,train
6,0c01801f,train
6,4000019d,train
6,40004581,train
6,09005368,train
6,4100164f,train
6,41003d72,train
6,4100aa1b,train
6,41001460,train
6,4000ee29,train
6,4100f1fd,train
6,020010a7,train
6,400179d6,train
6,4100882e,train
6,41004631,train
6,41009f2a,train
6,40002e41,train
6,40004409,train
6,40008c33,train
6,4100ddcb,train
6,00009ec8,train
6,40011f2d,train
6,0900b255,train
6,41006310,train
6,410102ee,train
6,4000bb57,train
6,40000de6,train
6,4000a9bf,train
6,0a00526a,train
6,40004f5e,train
6,0c005df4,train
6,40012e7f,train
6,10015449,train
6,41010c6d,train
6,41001e19,train
6,4001305e,train
6,4000f19f,train
6,4000895f,train
6,030089e6,train
6,41004285,train
6,4000203b,train
6,4000df92,train
6,0a005fc5,train
6,0500abb5,train
6,0500fd9b,train
6,0f01694a,train
6,40009ece,train
6,00000800,train
6,0a013fbe,train
6,0600c047,train
6,40002f20,train
6,40009bb7,train
6,41002edc,train
6,4000c897,train
6,4000f6cf,train
6,09002805,train
6,40009c64,train
6,400158a8,train
6,0800e061,train
6,0a00c863,train
6,40002895,train
6,1001243f,train
6,400118ee,train
6,41009afb,train
6,4000a471,train
6,0801045f,train
6,04017c2e,train
6,0d0114cc,train
6,4101221d,train
6,40004ce9,train
6,4100e27f,train
6,02010976,train
6,4001361e,train
6,4000bfcc,train
6,4100619a,train
6,40012546,train
6,40010776,train
6,4001683e,train
6,41002483,train
6,0b00d32e,train
6,41001aeb,train
6,1400ee95,train
6,40016f01,train
6,14009bc0,train
6,0f0108fc,train
6,4000476d,train
6,41006849,train
6,01011747,train
6,0500a916,train
6,4100d605,train
6,0a0157f1,train
6,40010d15,train
6,40016d01,train
6,410064c8,train
6,4101141a,train
6,40000484,train
6,400046e1,train
6,4000eb59,train
6,4000f7ef,train
6,4100085d,train
6,4000a275,train
6,4000cdb4,train
6,40011531,train
6,0a011441,train
6,40005817,train
6,4001086c,train
6,41008f91,train
6,10002011,train
6,05009ede,train
6,40014faf,train
6,060037f3,train
6,14001294,train
6,4000ab7b,train
6,0e00ef77,train
6,40001c25,train
6,4000c01f,train
6,07015c56,train
6,400165b4,train
6,4100d3fc,train
6,4000bd8b,train
6,40017013,train
6,400176e8,train
6,400025d9,train
6,4000412a,train
6,12006d19,train
6,4000ff3d,train
6,41007b7f,train
6,4000e868,train
6,40010fee,train
6,020010a9,train
6,40001539,train
6,13004595,train
6,40002d32,train
6,4100619c,train
6,41011276,train
6,04014586,train
6,4000c074,train
6,1100db21,train
6,4100a74c,train
6,4000970c,train
6,4100dfff,train
6,4000abb9,train
6,41008949,train
6,00014ae0,train
6,4000a965,train
6,41011096,train
6,4100fcbb,train
6,40003be4,train
6,410084fb,train
6,40004834,train
6,0f004e66,train
6,41007744,train
6,410015bf,train
6,020086ec,train
6,03007725,train
6,41001ee5,train
6,0a00509d,train
6,4000c525,train
6,40015d39,train
6,4000d3f7,train
6,41009498,train
6,4001258d,train
6,150125d6,train
6,150028e7,train
6,1400bcc6,train
6,400129dd,train
6,41007eb1,train
6,1100821b,train
6,4100a86f,train
6,41004695,train
6,4000ab2a,train
6,4100f443,train
6,0d001eef,train
6,4000fe52,train
6,0500713a,train
6,4100ed28,train
6,400044dd,train
6,4100986a,train
6,4000f619,train
6,0901288d,train
6,4000845c,train
6,40004ca7,train
6,4100ba75,train
6,060152f6,train
6,40017d71,train
6,0d007e40,train
6,07006fdd,train
6,1300c21d,train
6,4100a5c1,train
6,41001343,train
6,41007a19,train
6,41010a73,train
6,100155de,train
6,400022ae,train
6,41005d0e,train
6,0e011b5f,train
6,05009bc2,train
6,40000fa7,train
6,41002d5a,train
6,0a0041bc,train
6,4000c059,train
6,4100e325,train
6,1400b052,train
6,0000c82f,train
6,14001f99,train
6,0800d38b,train
6,41011cc0,train
6,400162dc,train
6,40011b38,train
6,4000f3a5,train
6,40006c1b,train
6,4001838a,train
6,070046a4,train
6,1100e56a,train
6,41001b57,train
6,41004446,train
6,4100f032,train
6,05001310,train
6,40013dd6,train
6,0700544b,train
6,40017028,train
6,4100bfbd,train
6,0a00363c,train
6,060121ca,train
6,40014110,train
6,4000953a,train
6,40013979,train
6,4000d5fa,train
6,12001793,train
6,40002138,train
6,40011bf0,train
6,410079c8,train
6,41007ae4,train
6,4000309f,train
6,41008822,train
6,0500df9c,train
6,40017d5c,train
6,41008a10,train
6,0b009c77,train
6,02009e7d,train
6,05004f13,train
6,410102c8,train
6,410023ce,train
6,4100dc9e,train
6,1500edad,train
6,060141ff,train
6,030049f7,train
6,41003860,train
6,4000a05e,train
6,4000bcd9,train
6,4100dca3,train
6,4100e659,train
6,40001b55,train
6,41011792,train
6,4000b8a0,train
6,0d014861,train
6,140156d4,train
6,41000ba2,train
6,00007ba4,train
6,40000b1e,train
6,0d017a64,train
6,02010450,train
6,400122d4,train
6,4100b809,train
6,03005ee4,train
6,4000d436,train
6,40003762,train
6,0300d0fe,train
6,400089eb,train
6,09005c41,train
6,40006df0,train
6,0c00f6fa,train
6,40003780,train
6,41002dbf,train
6,00007f46,train
6,41009af0,train
6,41009113,train
6,4000aea7,train
6,00002245,train
6,0700dd73,train
6,4000b980,train
6,41004b3d,train
6,40001f46,train
6,400106c9,train
6,4000ee15,train
6,0e00f67c,train
6,40004617,train
6,4000f789,train
6,4000c0e2,train
6,4000cb28,train
6,4000d272,train
6,41006ae5,train
6,4000a78c,train
6,4000244a,train
6,0f015893,train
6,4000652e,train
6,400025d1,train
6,0400307a,train
6,40006730,train
6,410041ef,train
6,4000323a,train
6,40016229,train
6,4000a9b2,train
6,40016c98,train
6,40013575,train
6,40000f1e,train
6,4000fa54,train
6,410033f2,train
6,40000693,train
6,08012c0d,train
6,40006a19,train
6,1100f081,train
6,080090b5,train
6,40001af6,train
6,4100c58c,train
6,4100b5b9,train
6,40009500,train
6,400147c1,train
6,4100493e,train
6,0f001b9b,train
6,40004486,train
6,41004337,train
6,400065ef,train
6,40004f67,train
6,4000c32c,train
6,40000c17,train
6,40009fbb,train
6,4100a734,train
6,40013fca,train
6,0700d99d,train
6,40010029,train
6,4100117e,train
6,0500c564,train
6,4001795b,train
6,40003c43,train
6,40006dba,train
6,0f004efd,train
6,410039ff,train
6,04010400,train
6,13001c51,train
6,1500bd52,train
6,4000a5e5,train
6,40012537,train
6,410093d5,train
6,400060fb,train
6,4000eada,train
6,0400b694,train
6,080034be,train
6,400010f3,train
6,40001523,train
6,4000a3b4,train
6,0100e28d,train
6,4100961f,train
6,02016d1d,train
6,4000ed4c,train
6,4000cf71,train
6,0c01543c,train
6,4100e11c,train
6,4001268f,train
6,40009641,train
6,40005842,train
6,40006357,train
6,40007e3b,train
6,05000a0e,train
6,4100e9c3,train
6,4000b7e9,train
6,4100a665,train
6,40009e58,train
6,4000e1ea,train
6,41006e2c,train
6,14012374,train
6,0400f4ef,train
6,41007ded,train
6,40011a58,train
6,40011904,train
6,080085a1,train
6,40004897,train
6,4100ea8f,train
6,4001066c,train
6,40006af4,train
6,4100732c,train
6,40007fc1,train
6,41003084,train
6,41005410,train
6,02000328,train
6,060167c3,train
6,050056c7,train
6,4000639a,train
6,15003ab7,train
6,0c0022c9,train
6,400009de,train
6,030005e1,train
6,4000ef33,train
6,4000e546,train
6,090031fd,train
6,0b0022a6,train
6,40009b9e,train
6,4000d316,train
6,4100573e,train
6,08004b1b,train
6,40004c5f,train
6,41000ca7,train
6,0a002d28,train
6,4000786f,train
6,4100841e,train
6,40001730,train
6,400053b9,train
6,09009fe5,train
6,0f002985,train
6,4001015d,train
6,12002140,train
6,4000ff13,train
6,410021c0,train
6,40009355,train
6,4100c2b4,train
6,4000cfda,train
6,0b015020,train
6,40013fd1,train
6,400069ff,train
6,40015a2c,train
6,41008014,train
6,4001760d,train
6,0f0160a4,train
6,1a0057ab,train
6,40010930,train
6,14011cd9,train
6,0c00fa5b,train
6,010166eb,train
6,40013770,train
6,40005880,train
6,4100589d,train
6,0d0025a2,train
6,0f015ffa,train
6,130126c7,train
6,40016553,train
6,4000c23f,train
6,4000e130,train
6,0d01428f,train
6,04003a28,train
6,40013953,train
6,1000be4d,train
6,150019b6,train
6,40000c47,train
6,4100e7b3,train
6,10012104,train
6,41009400,train
6,400086aa,train
6,11001fdc,train
6,0a00de89,train
6,4000574f,train
6,10013113,train
6,41011e7c,train
6,40003ee0,train
6,0a00cb1f,train
6,4100469e,train
6,0600ec26,train
6,4001807c,train
6,4000819e,train
6,4000d5bc,train
6,41005a5b,train
6,4000fd3d,train
6,0100c44a,train
6,400082af,train
6,0c00378f,train
6,40016ff8,train
6,4100f601,train
6,11000824,train
6,040141e1,train
6,40016929,train
6,4000140a,train
6,09007d76,train
6,410032bd,train
6,0700b788,train
6,40001853,train
6,060036f8,train
6,07009f55,train
6,0f005f6f,train
6,41005fa3,train
6,40006a14,train
6,4100fccc,train
6,4100065a,train
6,4000954a,train
6,06002d3f,train
6,40015eb6,train
6,0400a979,train
6,0b0114ac,train
6,410145a8,val
6,410151c0,val
6,41015432,val
6,4101607e,val
6,4101452c,val
6,41014148,val
6,41013d52,val
6,41015342,val
6,4101598c,val
6,410164e4,val
6,410126e9,val
6,41015d5c,val
6,41013572,val
6,41015900,val
6,41012455,val
6,41013053,val
6,410141ed,val
6,410163bf,val
6,410148a3,val
6,4101236c,val
6,41015620,val
6,4101637e,val
6,41013242,val
6,41014f9e,val
6,41013d5e,val
6,410154e6,val
6,41015ded,val
6,41016491,val
6,41012b85,val
6,41015d95,val
6,410143bc,val
6,410140b4,val
6,410152a0,val
6,41015887,val
6,41014b81,val
6,41015e03,val
6,41014f99,val
6,410132cb,val
6,4101317c,val
6,410129a3,val
6,41014587,val
6,410157eb,val
6,41014d10,val
6,41012bfc,val
6,4101264d,val
6,41015520,val
6,41015ad2,val
6,41015482,val
6,41016329,val
6,41014a36,val
6,4101403d,val
6,4101479a,val
6,41013400,val
6,41012f11,val
6,41014cf0,val
6,41012379,val
6,41015c13,val
6,4101362d,val
6,410134e0,val
6,4101630b,val
6,410131c2,val
6,41014de1,val
6,410162da,val
6,41013bee,val
6,41015c32,val
6,41013c72,val
6,41013063,val
6,410139b6,val
6,4101512f,val
6,4101577e,val
6,410150e0,val
6,41015a92,val
6,41015bd1,val
6,41013a23,val
6,41014a1a,val
6,410139d5,val
6,4101480f,val
6,410157e6,val
6,41015b79,val
6,41012530,val
6,41018454,test
6,430067da,test
6,410175b5,test
6,41017a59,test
6,43011b45,test
6,43015c49,test
6,430062b1,test
6,4101670d,test
6,410170e1,test
6,43011323,test
6,4300c771,test
6,41018092,test
6,410168ab,test
6,410164ec,test
6,43004c5b,test
6,410165d6,test
6,4300a524,test
6,41018181,test
6,41017545,test
6,430040df,test
6,410167c4,test
6,43005851,test
6,41017d59,test
6,43010a41,test
6,43013895,test
6,4300f072,test
6,41017d9b,test
6,41016858,test
6,41017651,test
6,410175cd,test
6,410180ce,test
6,43010158,test
6,4300daca,test
6,4300549f,test
6,4300fd98,test
6,43014546,test
6,41016fdf,test
6,41016c75,test
6,43017351,test
6,43012fb1,test
6,4300980b,test
6,41018547,test
6,41017f30,test
6,43004792,test
6,43014ba1,test
6,410180fa,test
6,410166ff,test
6,41017658,test
6,41017e5c,test
6,4101656f,test
6,4101726f,test
6,43012853,test
6,410178ce,test
6,4300ad19,test
6,41017481,test
6,4101710b,test
6,4300eaa7,test
6,41017c0f,test
6,43007a03,test
6,4300b27b,test
6,43014a77,test
6,410171d6,test
6,41016573,test
6,41016ef3,test
6,41017b62,test
6,43006cde,test
6,43014e92,test
6,4101672e,test
6,4300e33b,test
6,4300d9ae,test
6,410166bf,test
6,430152f7,test
6,41017b9f,test
6,4301000d,test
6,41016ae4,test
6,43006cff,test
6,43013ccd,test
6,41016725,test
6,41016690,test
6,43016976,test
6,4101838f,test
8,03000754,train
8,0500685c,train
8,12004130,train
8,03010c5e,train
8,07014c3d,train
8,0801269b,train
8,000113d4,train
8,0a005678,train
8,07007d8f,train
8,0e014299,train
8,0f00f70d,train
8,03009bf4,train
8,1200031e,train
8,07004ab4,train
8,0d00294a,train
8,080011f6,train
8,03012824,train
8,0d00cf7b,train
8,0c00d8ea,train
8,0f005b1c,train
8,150082bb,train
8,00006fe4,train
8,0c000ead,train
8,13012089,train
8,0c001846,train
8,01018590,train
8,0100af6d,train
8,0200abbc,train
8,0200d0b9,train
8,03015cd2,train
8,0b00f73f,train
8,10005317,train
8,09014e9e,train
8,09017034,train
8,0f004ebe,train
8,0100365f,train
8,1000f09e,train
8,0b00dd90,train
8,00001433,train
8,0000fa39,train
8,05003b19,train
8,0c0152ba,train
8,100008e9,train
8,0b016521,train
8,140153be,train
8,0d0131d7,train
8,140031d6,train
8,02015696,train
8,0200357d,train
8,0a01243d,train
8,0c00fc18,train
8,1200a2de,train
8,0200ef03,train
8,08017726,train
8,12011302,train
8,07011773,train
8,0e0057e2,train
8,0500372e,train
8,0100a5aa,train
8,0f003568,train
8,10014657,train
8,120010a4,train
8,14009afc,train
8,0900f5a5,train
8,0800c326,train
8,01004ece,train
8,0d0133aa,train
8,0d0141ab,train
8,00003975,train
8,1000429f,train
8,0101697a,train
8,1001086c,train
8,03007259,train
8,12003b0f,train
8,00008e64,train
8,00015409,train
8,08005678,train
8,05002253,train
8,15008619,train
8,00016269,train
8,01004bd2,train
8,0e012599,train
8,1400d67e,train
8,100096a7,train
8,0400ac5e,train
8,08004dba,train
8,14009d5e,train
8,0000d50c,train
8,0a0104bd,train
8,0100874e,train
8,0e00d6b0,train
8,0000ecbf,train
8,13000194,train
8,0c00d9f1,train
8,0c005f72,train
8,10014fec,train
8,0d00d46e,train
8,0200e93f,train
8,1400090f,train
8,0000e0e4,train
8,0d0039dd,train
8,0100d7dc,train
8,1000e04c,train
8,0c00f6d6,train
8,0301213b,train
8,02003683,train
8,0500284f,train
8,09016700,train
8,09013d7c,train
8,0b0110bf,train
8,14006458,train
8,04013d50,train
8,0001448a,train
8,13009600,train
8,0000b1ea,train
8,020002f2,train
8,07006a0f,train
8,050153da,train
8,0900c1cb,train
8,0c005533,train
8,0c007888,train
8,0b0164fc,train
8,070024cf,train
8,01007d09,train
8,060122cf,train
8,0001092d,train
8,0a0004b5,train
8,12010193,train
8,00010846,train
8,05005350,train
8,05000eee,train
8,06007451,train
8,0f00051a,train
8,0c0023a7,train
8,08017d10,train
8,10011dde,train
8,0f016f02,train
8,100174f2,train
8,1300445b,train
8,13007d7d,train
8,0d0148cd,train
8,15009914,train
8,09010a84,train
8,0d009a44,train
8,05003fdd,train
8,0c000cea,train
8,02005820,train
8,06012cd2,train
8,150066ea,train
8,060060c7,train
8,06007a3a,train
8,04012734,train
8,0f00ae65,train
8,0e013e04,train
8,10001886,train
8,08010a39,train
8,0200b48f,train
8,0500b428,train
8,080010b3,train
8,0100dbf5,train
8,02003fe5,train
8,05002ae7,train
8,00001352,train
8,1300ef72,train
8,07016e90,train
8,09006573,train
8,1200007e,train
8,1101559b,train
8,08016d68,train
8,11007a4f,train
8,10004f5e,train
8,1000efab,train
8,0400d7ed,train
8,060129de,train
8,0f00ef51,train
8,0e007e8b,train
8,00015e37,train
8,07011f92,train
8,02002afd,train
8,01010664,train
8,03010e0f,train
8,11001a64,train
8,0f01473b,train
8,0d0035a9,train
8,06004f6e,train
8,140091ea,train
8,0a010d82,train
8,0b00d38d,train
8,12016727,train
8,0700dbb9,train
8,0e016124,train
8,01003835,train
8,040168cb,train
8,05000232,train
8,08007ef7,train
8,150045c9,train
8,11006b97,train
8,0400280f,train
8,0400dc03,train
8,12014003,train
8,0c00d855,train
8,040184ef,train
8,00002a07,train
8,0b0007ec,train
8,0f00de4c,train
8,0301292d,train
8,0b006ed7,train
8,0d012ef1,train
8,1200ee81,train
8,14012a68,train
8,0f0163af,train
8,11007302,train
8,0b007377,train
8,0001341d,train
8,0300112b,train
8,0300c449,train
8,07010764,train
8,01014c06,train
8,09011aea,train
8,0700cdae,train
8,0e0148df,train
8,1200c10e,train
8,0000332a,train
8,06000b02,train
8,13001831,train
8,0600bafa,train
8,0f002ad2,train
8,07010f08,train
8,0b004687,train
8,0e0000bd,train
8,0a00c94f,train
8,03002064,train
8,0d015372,train
8,11006da8,train
8,0f005832,train
8,1001392e,train
8,0a00c02c,train
8,13013f31,train
8,0d00a054,train
8,0f00d2a0,train
8,1b005520,val
8,1b0115de,val
8,1b000979,val
8,1500a184,val
8,150109d2,val
8,1b007fc5,val
8,1b014cf5,val
8,1b0114f6,val
8,1500e6c7,val
8,1500e7d3,val
8,150173b1,val
8,1b0115b6,val
8,1b007016,val
8,430158ae,test
8,43007f72,test
8,43010207,test
8,43010d85,test
8,43006b96,test
8,43014407,test
8,43014e29,test
8,43007895,test
8,43004a78,test
8,43009179,test
8,4300a8e2,test
8,430111c4,test
8,1b01566a,test
8,43015359,test
